{"cameraMode":{"drawMode":0,"name":"Shaded","section":"Shading Mode"},"sceneLighting":true,"audioPlay":false,"sceneViewState":{"showFog":true,"showMaterialUpdate":false,"showSkybox":true,"showFlares":true,"showImageEffects":true,"showParticleSystems":true},"in2DMode":false,"pivot":{"x":-0.7036210298538208,"y":17.309467315673829,"z":-28.583620071411134},"rotation":{"x":-0.3665623962879181,"y":0.0030527825001627208,"z":-0.001202393090352416,"w":-0.9303877353668213},"size":14.156133651733399,"orthographic":false}